circuit_join,D,R
DISTRICT OF COLUMBIA CIRCUIT,9,7
EIGHTH CIRCUIT,1,16
ELEVENTH CIRCUIT,7,12
FEDERAL CIRCUIT,11,8
FIFTH CIRCUIT,8,20
FIRST CIRCUIT,7,4
FOURTH CIRCUIT,9,9
NINTH CIRCUIT,30,22
SECOND CIRCUIT,17,11
SEVENTH CIRCUIT,5,11
SIXTH CIRCUIT,8,22
TENTH CIRCUIT,11,12
THIRD CIRCUIT,10,14
