circuit_join,D,R,Barack Obama,Donald J. Trump,George H.W. Bush,George W. Bush,Gerald Ford,Jimmy Carter,Joseph R. Biden,Richard M. Nixon,Ronald Reagan,William J. Clinton
DISTRICT OF COLUMBIA CIRCUIT,9,7,5.0,3.0,1.0,0.0,0.0,1.0,2.0,0.0,3.0,1.0
EIGHTH CIRCUIT,1,16,1.0,3.0,2.0,6.0,0.0,0.0,0.0,0.0,5.0,0.0
ELEVENTH CIRCUIT,7,12,2.0,6.0,2.0,1.0,0.0,1.0,1.0,0.0,3.0,3.0
FEDERAL CIRCUIT,11,8,6.0,0.0,4.0,2.0,0.0,0.0,1.0,0.0,2.0,4.0
FIFTH CIRCUIT,8,20,2.0,5.0,3.0,5.0,2.0,2.0,2.0,1.0,4.0,2.0
FIRST CIRCUIT,7,4,3.0,0.0,0.0,2.0,0.0,0.0,2.0,1.0,1.0,2.0
FOURTH CIRCUIT,9,9,5.0,3.0,1.0,3.0,0.0,0.0,2.0,0.0,2.0,2.0
NINTH CIRCUIT,30,22,7.0,10.0,0.0,7.0,0.0,4.0,6.0,1.0,4.0,13.0
SECOND CIRCUIT,17,11,3.0,3.0,1.0,4.0,0.0,3.0,5.0,1.0,2.0,6.0
SEVENTH CIRCUIT,5,11,1.0,3.0,0.0,2.0,1.0,0.0,2.0,1.0,4.0,2.0
SIXTH CIRCUIT,8,22,1.0,6.0,1.0,7.0,2.0,0.0,2.0,0.0,6.0,5.0
TENTH CIRCUIT,11,12,5.0,2.0,1.0,4.0,0.0,1.0,2.0,0.0,5.0,3.0
THIRD CIRCUIT,10,14,3.0,4.0,0.0,4.0,0.0,0.0,3.0,1.0,5.0,4.0
